;course_name;course_id;teacher;price;students_summary;rating_count;rating_average;course_difficulty;certificate;workload
0;–ü–æ–ª–Ω—ã–π –∫—É—Ä—Å –ø–æ Java Script - –° –Ω—É–ª—è –¥–æ —Ä–µ–∑—É–ª—å—Ç–∞—Ç–∞!;130424;–î–º–∏—Ç—Ä–∏–π –§–æ–∫–µ–µ–≤;2 490 ‚ÇΩ;150 —É—á–∞—â–∏—Ö—Å—è;;;–ù–∞—á–∞–ª—å–Ω—ã–π —É—Ä–æ–≤–µ–Ω—å;–°–µ—Ä—Ç–∏—Ñ–∏–∫–∞—Ç Stepik;4-5 —á–∞—Å–æ–≤ –≤ –Ω–µ–¥–µ–ª—é
1;–û—Å–Ω–æ–≤—ã —è–∑—ã–∫–∞ Java;124803;;–ë–µ—Å–ø–ª–∞—Ç–Ω–æ;500 —É—á–∞—â–∏—Ö—Å—è;–∏–∑ 1 –æ—Ç–∑—ã–≤–∞;5;–ù–∞—á–∞–ª—å–Ω—ã–π —É—Ä–æ–≤–µ–Ω—å;;
2;ChatGPT –ü–æ–ª–Ω—ã–π –ö—É—Ä—Å –¥–ª—è –ù–∞—á–∏–Ω–∞—é—â–∏—Ö;134115;–ê–≤–µ –ö–æ–¥–µ—Ä;–ë–µ—Å–ø–ª–∞—Ç–Ω–æ;1 750 —É—á–∞—â–∏—Ö—Å—è;–∏–∑ 12 –æ—Ç–∑—ã–≤–æ–≤;3.6;–ù–∞—á–∞–ª—å–Ω—ã–π —É—Ä–æ–≤–µ–Ω—å;;4
3;–ï–ì–≠, –ò–Ω—Ñ–æ—Ä–º–∞—Ç–∏–∫–∞ –∏ –æ—Å–Ω–æ–≤—ã –ø—Ä–æ–≥—Ä–∞–º–º–∏—Ä–æ–≤–∞–Ω–∏—è;70337;–ù–∏–∫–æ–ª–∞–π –¢–µ—Ä–µ—Ö–æ–≤;2 890 ‚ÇΩ;431 —É—á–∞—â–∏–π—Å—è;–∏–∑ 1 –æ—Ç–∑—ã–≤–∞;5;–ù–∞—á–∞–ª—å–Ω—ã–π —É—Ä–æ–≤–µ–Ω—å;–°–µ—Ä—Ç–∏—Ñ–∏–∫–∞—Ç Stepik;
4;–†–∞–±–æ—Ç–∞ —Å —Ñ–∞–π–ª–∞–º–∏ –≤ Python;132196;–ê–Ω—Ç–æ–Ω –©–µ—Ä–±–∞–∫;1 490 ‚ÇΩ;70 —É—á–∞—â–∏—Ö—Å—è;–∏–∑ 5 –æ—Ç–∑—ã–≤–æ–≤;4.6;–°—Ä–µ–¥–Ω–∏–π —É—Ä–æ–≤–µ–Ω—å;–°–µ—Ä—Ç–∏—Ñ–∏–∫–∞—Ç Stepik;10-14 —á–∞—Å–æ–≤ –≤ –Ω–µ–¥–µ–ª—é
5;–ü—Ä–æ—Ñ–µ—Å—Å–∏—è UX/UI –¥–∏–∑–∞–π–Ω–µ—Ä.–ü–∞–∫–µ—Ç –∏–∑ 2-—Ö –∫—É—Ä—Å–æ–≤-–≤–µ–± –¥–∏–∑–∞–π–Ω –≤ Figma;119402;–î–º–∏—Ç—Ä–∏–π –§–æ–∫–µ–µ–≤;1 790;59 —É—á–∞—â–∏—Ö—Å—è;;;–ù–∞—á–∞–ª—å–Ω—ã–π —É—Ä–æ–≤–µ–Ω—å;—Å–µ—Ä—Ç–∏—Ñ–∏–∫–∞—Ç;4-5 —á–∞—Å–æ–≤ –≤ –Ω–µ–¥–µ–ª—é
6;–ü—Ä–æ—Å—Ç–æ C ++ && –ê–ª–≥–æ—Ä–∏—Ç–º–∏–∑–∞—Ü–∏—è;102103;–ù–∏–∫–æ–ª–∞–π –¢–µ—Ä–µ—Ö–æ–≤;900 ‚ÇΩ;104 —É—á–∞—â–∏—Ö—Å—è;;;;–°–µ—Ä—Ç–∏—Ñ–∏–∫–∞—Ç Stepik;
7;–¢–µ–ª–µ–≥—Ä–∞–º-–±–æ—Ç—ã –Ω–∞ Python –∏ AIOgram;120924;–ú–∏—Ö–∞–∏–ª –ö—Ä—ã–∂–∞–Ω–æ–≤—Å–∫–∏–π;–ë–µ—Å–ø–ª–∞—Ç–Ω–æ;10 739 —É—á–∞—â–∏—Ö—Å—è;–∏–∑ 18 –æ—Ç–∑—ã–≤–æ–≤;5;–°—Ä–µ–¥–Ω–∏–π —É—Ä–æ–≤–µ–Ω—å;;
8;Thank Go! –ú–Ω–æ–≥–æ–∑–∞–¥–∞—á–Ω–æ—Å—Ç—å –≤ Golang;133280;–ê–Ω—Ç–æ–Ω –ñ–∏—è–Ω–æ–≤;900 ‚ÇΩ;31 —É—á–∞—â–∏–π—Å—è;–∏–∑ 1 –æ—Ç–∑—ã–≤–∞;5;;–°–µ—Ä—Ç–∏—Ñ–∏–∫–∞—Ç Stepik;
9;Thank Go! –°—Ç–∞–Ω–¥–∞—Ä—Ç–Ω–∞—è –±–∏–±–ª–∏–æ—Ç–µ–∫–∞ Golang;133305;–ê–Ω—Ç–æ–Ω –ñ–∏—è–Ω–æ–≤;900 ‚ÇΩ;24 —É—á–∞—â–∏—Ö—Å—è;;;;–°–µ—Ä—Ç–∏—Ñ–∏–∫–∞—Ç Stepik;
10;–¢–µ—Å—Ç–∏—Ä–æ–≤–∞–Ω–∏–µ REST API –≤ Postman - –ª–µ–≥–∫–∏–π —Å—Ç–∞—Ä—Ç –≤ –∞–≤—Ç–æ–º–∞—Ç–∏–∑–∞—Ü–∏—é;131052;–î–∞–≤–∏–¥ –°–æ–≥–æ—è–Ω;890 ‚ÇΩ;232 —É—á–∞—â–∏—Ö—Å—è;–∏–∑ 8 –æ—Ç–∑—ã–≤–æ–≤;5;–ù–∞—á–∞–ª—å–Ω—ã–π —É—Ä–æ–≤–µ–Ω—å;–°–µ—Ä—Ç–∏—Ñ–∏–∫–∞—Ç Stepik;8 —á–∞—Å–æ–≤ –≤ –Ω–µ–¥–µ–ª—é
11;–í–µ—Ä—Å—Ç–∞–µ–º 8 —Å–∞–π—Ç–æ–≤ –ø–æ –º–∞–∫–µ—Ç—É –∏–∑ Figma –≤ –ø–æ—Ä—Ç—Ñ–æ–ª–∏–æ;123120;–ò—Å–º–∞–∏–ª –£—Å–µ–∏–Ω–æ–≤;2 980 ‚ÇΩ;32 —É—á–∞—â–∏—Ö—Å—è;;;–ù–∞—á–∞–ª—å–Ω—ã–π —É—Ä–æ–≤–µ–Ω—å;–°–µ—Ä—Ç–∏—Ñ–∏–∫–∞—Ç Stepik;1 —á–∞—Å –≤ –¥–µ–Ω—å –∏–ª–∏ –±–æ–ª—å—à–µ
12;–û–°–ù–û–í–´ –ë–†–ï–ù–î–ò–ù–ì–ê;86506;–í–ª–∞–¥–∏—Å–ª–∞–≤ –¢–∞—Ä–∞—Å–µ–Ω–∫–æ;499 ‚ÇΩ;2 942 —É—á–∞—â–∏—Ö—Å—è;–∏–∑ 2 –æ—Ç–∑—ã–≤–æ–≤;4;;;
13;–ö—É—Ä—Å –ø–æ –º–∞—à–∏–Ω–Ω–æ–º—É –æ–±—É—á–µ–Ω–∏—é. –ü—Ä–æ–µ–∫—Ç ¬´–ò–ò –°—Ç–∞—Ä—Ç¬ª.;125587;–ò–ò –°—Ç–∞—Ä—Ç;–ë–µ—Å–ø–ª–∞—Ç–Ω–æ;10 886 —É—á–∞—â–∏—Ö—Å—è;–∏–∑ 3 –æ—Ç–∑—ã–≤–æ–≤;5;–ù–∞—á–∞–ª—å–Ω—ã–π —É—Ä–æ–≤–µ–Ω—å;;4-5 —á–∞—Å–æ–≤ –≤ –Ω–µ–¥–µ–ª—é
14;ProgMine. –ë–æ–ª—å—à–æ–π –∫—É—Ä—Å –ø–æ –ø—Ä–æ–≥—Ä–∞–º–º–∏—Ä–æ–≤–∞–Ω–∏—é –Ω–∞ Python –≤ Minecraft;123284;–ê–ª–µ–∫—Å–∞–Ω–¥—Ä –ë–æ–±—É—Ä–æ–≤;1 000 ‚ÇΩ;32 —É—á–∞—â–∏—Ö—Å—è;;;–ù–∞—á–∞–ª—å–Ω—ã–π —É—Ä–æ–≤–µ–Ω—å;–°–µ—Ä—Ç–∏—Ñ–∏–∫–∞—Ç Stepik;2
15;–û–ì–≠ –ø–æ –∏–Ω—Ñ–æ—Ä–º–∞—Ç–∏–∫–µ - –ø–æ—Ä–∞ –æ–±–Ω–æ–≤–∏—Ç—å—Å—è;101805;–î–º–∏—Ç—Ä–∏–π –ü–æ—Ö–æ–ª–æ–∫;1 500 ‚ÇΩ;29 —É—á–∞—â–∏—Ö—Å—è;;;–°—Ä–µ–¥–Ω–∏–π —É—Ä–æ–≤–µ–Ω—å;–°–µ—Ä—Ç–∏—Ñ–∏–∫–∞—Ç Stepik;2 —á–∞—Å–∞ –≤ –Ω–µ–¥–µ–ª—é
16;–¢–µ—Ö–Ω–æ–ª–æ–≥–∏—è Git;92718;–ò–æ—Å–∏—Ñ –î–∑–µ—Ä–∞–Ω–æ–≤;5 990 ‚ÇΩ;78 —É—á–∞—â–∏—Ö—Å—è;–∏–∑ 1 –æ—Ç–∑—ã–≤–∞;5;–ù–∞—á–∞–ª—å–Ω—ã–π —É—Ä–æ–≤–µ–Ω—å;–°–µ—Ä—Ç–∏—Ñ–∏–∫–∞—Ç Stepik;2-3 —á–∞—Å–∞ –≤ –Ω–µ–¥–µ–ª—é
17;–¢—É—Ä–µ—Ü–∫–∏–π —è–∑—ã–∫ –¥–ª—è –¥–µ—Ç–µ–π –∏ –Ω–∞—á–∏–Ω–∞—é—â–∏—Ö;126436;Alla Yurina;2 750 ‚ÇΩ;17 —É—á–∞—â–∏—Ö—Å—è;–∏–∑ 2 –æ—Ç–∑—ã–≤–æ–≤;5;–ù–∞—á–∞–ª—å–Ω—ã–π —É—Ä–æ–≤–µ–Ω—å;–°–µ—Ä—Ç–∏—Ñ–∏–∫–∞—Ç Stepik;2-3 —É—Ä–æ–∫–∞ –≤ –Ω–µ–¥–µ–ª—é
18;–ü—Ä–∞–∫—Ç–∏—á–µ—Å–∫–∏–π Machine Learning;125501;–ï–ª–µ–Ω–∞ –ö–∞–Ω—Ç–æ–Ω–∏—Å—Ç–æ–≤–∞;1 450 ‚ÇΩ;340 —É—á–∞—â–∏—Ö—Å—è;–∏–∑ 3 –æ—Ç–∑—ã–≤–æ–≤;5;–ù–∞—á–∞–ª—å–Ω—ã–π —É—Ä–æ–≤–µ–Ω—å;;4-5 —á–∞—Å–æ–≤ –≤ –Ω–µ–¥–µ–ª—é
19;Git –¥–ª—è –≤—Å–µ—Ö;126023;–¢–∞—Ç—å—è–Ω–∞ –û–≤—á–∏–Ω–Ω–∏–∫–æ–≤–∞;250 ‚ÇΩ;625 —É—á–∞—â–∏—Ö—Å—è;–∏–∑ 65 –æ—Ç–∑—ã–≤–æ–≤;4.8;–ù–∞—á–∞–ª—å–Ω—ã–π —É—Ä–æ–≤–µ–Ω—å;–°–µ—Ä—Ç–∏—Ñ–∏–∫–∞—Ç Stepik;1 —á–∞—Å –≤ –¥–µ–Ω—å
20;–•–æ—á—É –∫—Ä—É—Ç–æ–π –æ—Ñ—Ñ–µ—Ä;121958;–ê–ª–µ–∫—Å–∞–Ω–¥—Ä –ú–∏–ª–µ–Ω—å–∫–∏–Ω;1 200 ‚ÇΩ;97 —É—á–∞—â–∏—Ö—Å—è;–∏–∑ 5 –æ—Ç–∑—ã–≤–æ–≤;4.8;–ù–∞—á–∞–ª—å–Ω—ã–π —É—Ä–æ–≤–µ–Ω—å;;30 –º–∏–Ω—É—Ç –≤ –¥–µ–Ω—å
21;–†–∞–∑–≥–æ–≤–æ—Ä–Ω—ã–π –∞–Ω–≥–ª–∏–π—Å–∫–∏–π –ø–æ —Å–µ—Ä–∏–∞–ª—É;129425;Anna Tikhomirova;990 ‚ÇΩ;9 —É—á–∞—â–∏—Ö—Å—è;–∏–∑ 4 –æ—Ç–∑—ã–≤–æ–≤;5;–°—Ä–µ–¥–Ω–∏–π —É—Ä–æ–≤–µ–Ω—å;–°–µ—Ä—Ç–∏—Ñ–∏–∫–∞—Ç Stepik;5 —á–∞—Å–æ–≤ –≤ –Ω–µ–¥–µ–ª—é
22;UX-–¥–∏–∑–∞–π–Ω –≤ Figma. UX-–∞–Ω–∞–ª–∏—Ç–∏–∫–∞ –ø—Ä–æ–µ–∫—Ç–∞.;129807;Evgen Marfel;3 990 ‚ÇΩ;45 —É—á–∞—â–∏—Ö—Å—è;–∏–∑ 2 –æ—Ç–∑—ã–≤–æ–≤;5;–ù–∞—á–∞–ª—å–Ω—ã–π —É—Ä–æ–≤–µ–Ω—å;–°–µ—Ä—Ç–∏—Ñ–∏–∫–∞—Ç Stepik;
23;"–í–µ–± –¥–∏–∑–∞–π–Ω –≤ Figma. –ê–Ω–∏–º–∞—Ü–∏–∏ –∏ –ì–ª–∞–≤–Ω—ã–µ –ø—Ä–∞–≤–∏–ª–∞ ""–Æ–∑–∞–±–∏–ª–∏—Ç–∏"".";128116;–î–º–∏—Ç—Ä–∏–π –§–æ–∫–µ–µ–≤;1 190 ‚ÇΩ;235 —É—á–∞—â–∏—Ö—Å—è;–∏–∑ 7 –æ—Ç–∑—ã–≤–æ–≤;5;–°—Ä–µ–¥–Ω–∏–π —É—Ä–æ–≤–µ–Ω—å;–°–µ—Ä—Ç–∏—Ñ–∏–∫–∞—Ç Stepik;4-5 —á–∞—Å–æ–≤ –≤ –Ω–µ–¥–µ–ª—é
24;"–ü—Ä–æ–¥–≤–∏–∂–µ–Ω–∏–µ –≤ —Å–æ—Ü–∏–∞–ª—å–Ω—ã—Ö —Å–µ—Ç—è—Ö —Å –ø–æ–º–æ—â—å—é Reels ""–æ—Ç –ê –¥–æ –Ø""";125125;–í–ª–∞–¥–∏—Å–ª–∞–≤–∞ –®–ª–µ–ø—Ü–æ–≤–∞;699 ‚ÇΩ;49 —É—á–∞—â–∏—Ö—Å—è;–∏–∑ 6 –æ—Ç–∑—ã–≤–æ–≤;5;–ù–∞—á–∞–ª—å–Ω—ã–π —É—Ä–æ–≤–µ–Ω—å;–°–µ—Ä—Ç–∏—Ñ–∏–∫–∞—Ç Stepik;3 ‚Äî 4 —á–∞—Å–∞
25;–ü—Ä–æ–µ–∫—Ç–∏—Ä–æ–≤–∞–Ω–∏–µ –ü–û –ø–æ –ø—Ä–∏–Ω—Ü–∏–ø–∞–º SOLID –∏ Connascence;123332;StringConcat .com;2 000 ‚ÇΩ;20 —É—á–∞—â–∏—Ö—Å—è;–∏–∑ 2 –æ—Ç–∑—ã–≤–æ–≤;4;–ü—Ä–æ–¥–≤–∏–Ω—É—Ç—ã–π —É—Ä–æ–≤–µ–Ω—å;;
26;–ò–Ω—Å—Ç—Ä—É–º–µ–Ω—Ç—ã –¥–∏–∑–∞–π–Ω–µ—Ä–∞ Photoshop –∏ Illustrator. –ü–∞–∫–µ—Ç 2-—Ö –∫—É—Ä—Å–æ–≤!;126396;–î–º–∏—Ç—Ä–∏–π –§–æ–∫–µ–µ–≤;1 190;89 —É—á–∞—â–∏—Ö—Å—è;;;–ù–∞—á–∞–ª—å–Ω—ã–π —É—Ä–æ–≤–µ–Ω—å;—Å–µ—Ä—Ç–∏—Ñ–∏–∫–∞—Ç;4-5 —á–∞—Å–æ–≤ –≤ –Ω–µ–¥–µ–ª—é
27;–û–ì–≠ –ø–æ –∏–Ω—Ñ–æ—Ä–º–∞—Ç–∏–∫–µ 2023 (—Ç–µ—Å—Ç–æ–≤–∞—è —á–∞—Å—Ç—å);124833;–ü–æ–ª–∏–Ω–∞ –ú–∞—Ä—Ç—ã–Ω–æ–≤–∞;100 ‚ÇΩ;10 —É—á–∞—â–∏—Ö—Å—è;–∏–∑ 1 –æ—Ç–∑—ã–≤–∞;5;–ù–∞—á–∞–ª—å–Ω—ã–π —É—Ä–æ–≤–µ–Ω—å;–°–µ—Ä—Ç–∏—Ñ–∏–∫–∞—Ç Stepik;5 —á–∞—Å–æ–≤ –≤ –Ω–µ–¥–µ–ª—é
28;–í–µ–±-–¥–∏–∑–∞–π–Ω–µ—Ä: –≤–∑—Ä—ã–≤–Ω–æ–π —Å—Ç–∞—Ä—Ç;123461;–ê—Ä—Å–µ–Ω–∏–π –°–º–∏—Ä–Ω–æ–≤;1 490 ‚ÇΩ;59 —É—á–∞—â–∏—Ö—Å—è;–∏–∑ 3 –æ—Ç–∑—ã–≤–æ–≤;4.3;–ù–∞—á–∞–ª—å–Ω—ã–π —É—Ä–æ–≤–µ–Ω—å;–°–µ—Ä—Ç–∏—Ñ–∏–∫–∞—Ç Stepik;3-4 —á–∞—Å–∞ –≤ –Ω–µ–¥–µ–ª—é
29;–ò—Å–ø–∞–Ω—Å–∫–∏–π —è–∑—ã–∫ –¥–ª—è –Ω–∞—á–∏–Ω–∞—é—â–∏—Ö. –ì—Ä–∞–º–º–∞—Ç–∏–∫–∞;122692;Alena Alma;499 ‚ÇΩ;14 —É—á–∞—â–∏—Ö—Å—è;;;–ù–∞—á–∞–ª—å–Ω—ã–π —É—Ä–æ–≤–µ–Ω—å;;2-3 —á–∞—Å–∞ –≤ –Ω–µ–¥–µ–ª—é
30;–í–≤–µ–¥–µ–Ω–∏–µ –≤ Data Science: —á–∞—Å—Ç—å 1 - –ø—Ä–æ–≥—Ä–∞–º–º–∏—Ä–æ–≤–∞–Ω–∏–µ –Ω–∞ Python;100567;Eugene Levyant;12 000 ‚ÇΩ;10 —É—á–∞—â–∏—Ö—Å—è;–∏–∑ 1 –æ—Ç–∑—ã–≤–∞;5;–ù–∞—á–∞–ª—å–Ω—ã–π —É—Ä–æ–≤–µ–Ω—å;–°–µ—Ä—Ç–∏—Ñ–∏–∫–∞—Ç Stepik;5-7 —á–∞—Å–æ–≤ –≤ –Ω–µ–¥–µ–ª—é
31;–ü–æ—Å—Ç–∞–Ω–æ–≤–∫–∞ –±—Ä–∏—Ç–∞–Ω—Å–∫–æ–≥–æ –ø—Ä–æ–∏–∑–Ω–æ—à–µ–Ω–∏—è. –û—Å–Ω–æ–≤—ã.;117591;–û–ª—å–≥–∞ –ö–æ–Ω—Å—Ç–∞–Ω—Ç–∏–Ω–æ–≤–Ω–∞ –ë–∞—Ä—Ö—É–¥–∞—Ä—è–Ω;1 500 ‚ÇΩ;22 —É—á–∞—â–∏—Ö—Å—è;;;–ù–∞—á–∞–ª—å–Ω—ã–π —É—Ä–æ–≤–µ–Ω—å;–°–µ—Ä—Ç–∏—Ñ–∏–∫–∞—Ç Stepik;
32;SQL –¥–ª—è –≤—Å–µ—Ö. Level Up;122667;–ò–≥–æ—Ä—å –ö–∏–º;1 500 ‚ÇΩ;166 —É—á–∞—â–∏—Ö—Å—è;–∏–∑ 22 –æ—Ç–∑—ã–≤–æ–≤;4.7;–°—Ä–µ–¥–Ω–∏–π —É—Ä–æ–≤–µ–Ω—å;–°–µ—Ä—Ç–∏—Ñ–∏–∫–∞—Ç Stepik;7-10 —á–∞—Å–æ–≤
33;–í–∏–¥–µ–æ–º–æ–Ω—Ç–∞–∂ –≤ Premiere Pro 2022 - –° –Ω—É–ª—è –¥–æ —Ä–µ–∑—É–ª—å—Ç–∞—Ç–∞!;122287;–î–º–∏—Ç—Ä–∏–π –§–æ–∫–µ–µ–≤;1 190 ‚ÇΩ;177 —É—á–∞—â–∏—Ö—Å—è;–∏–∑ 8 –æ—Ç–∑—ã–≤–æ–≤;5;–ù–∞—á–∞–ª—å–Ω—ã–π —É—Ä–æ–≤–µ–Ω—å;–°–µ—Ä—Ç–∏—Ñ–∏–∫–∞—Ç Stepik;4-5 —á–∞—Å–æ–≤ –≤ –Ω–µ–¥–µ–ª—é
34;–ì—Ä–∞—Ñ—ã –¥–ª—è –ø—Ä–æ–≥—Ä–∞–º–º–∏—Å—Ç–æ–≤;68315;–ò–æ—Å–∏—Ñ –î–∑–µ—Ä–∞–Ω–æ–≤;7 990 ‚ÇΩ;53 —É—á–∞—â–∏—Ö—Å—è;–∏–∑ 5 –æ—Ç–∑—ã–≤–æ–≤;5;–ù–∞—á–∞–ª—å–Ω—ã–π —É—Ä–æ–≤–µ–Ω—å;–°–µ—Ä—Ç–∏—Ñ–∏–∫–∞—Ç Stepik;4
35;–ê–ª–≥–æ—Ä–∏—Ç–º—ã –∏ —Å—Ç—Ä—É–∫—Ç—É—Ä—ã –¥–∞–Ω–Ω—ã—Ö;120862;–ò–æ—Å–∏—Ñ –î–∑–µ—Ä–∞–Ω–æ–≤;5 990 ‚ÇΩ;144 —É—á–∞—â–∏—Ö—Å—è;–∏–∑ 3 –æ—Ç–∑—ã–≤–æ–≤;4.7;–ù–∞—á–∞–ª—å–Ω—ã–π —É—Ä–æ–≤–µ–Ω—å;–°–µ—Ä—Ç–∏—Ñ–∏–∫–∞—Ç Stepik;4-5 —á–∞—Å–æ–≤ –≤ –Ω–µ–¥–µ–ª—é
36;Thank Go! Golang –Ω–∞ –ø—Ä–∞–∫—Ç–∏–∫–µ;96832;–ê–Ω—Ç–æ–Ω –ñ–∏—è–Ω–æ–≤;3 000 ‚ÇΩ;4 933 —É—á–∞—â–∏—Ö—Å—è;–∏–∑ 62 –æ—Ç–∑—ã–≤–æ–≤;4.9;;–°–µ—Ä—Ç–∏—Ñ–∏–∫–∞—Ç Stepik;
37;C# NoobCoder's;113539;–ö—Ä–∏—Å –†—ç–∫—Ñ–∏–ª–¥;–ë–µ—Å–ø–ª–∞—Ç–Ω–æ;14 442 —É—á–∞—â–∏—Ö—Å—è;–∏–∑ 126 –æ—Ç–∑—ã–≤–æ–≤;4.9;–ù–∞—á–∞–ª—å–Ω—ã–π —É—Ä–æ–≤–µ–Ω—å;;
38;–ü—Ä–æ—Ñ–µ—Å—Å–∏—è –≤–µ–± –≤–µ—Ä—Å—Ç–∞–ª—å—â–∏–∫. Web —Ä–∞–∑—Ä–∞–±–æ—Ç–∫–∞ –∏ —Å–æ–∑–¥–∞–Ω–∏–µ —Å–∞–π—Ç–æ–≤ 2022;121498;–î–º–∏—Ç—Ä–∏–π –§–æ–∫–µ–µ–≤;1 790;303 —É—á–∞—â–∏—Ö—Å—è;;;–ù–∞—á–∞–ª—å–Ω—ã–π —É—Ä–æ–≤–µ–Ω—å;—Å–µ—Ä—Ç–∏—Ñ–∏–∫–∞—Ç;4-5 —á–∞—Å–æ–≤ –≤ –Ω–µ–¥–µ–ª—é
39;–î–æ–∫–∞–∑–∞—Ç–µ–ª—å–Ω–∞—è –º–µ–¥–∏—Ü–∏–Ω–∞ –∏ –æ–±—â–µ—Å—Ç–≤–æ;118349;–ï–∫–∞—Ç–µ—Ä–∏–Ω–∞ –ë–æ—Ä–æ–∑–¥–∏–Ω–∞;–ë–µ—Å–ø–ª–∞—Ç–Ω–æ;1 986 —É—á–∞—â–∏—Ö—Å—è;–∏–∑ 32 –æ—Ç–∑—ã–≤–æ–≤;4.6;–ù–∞—á–∞–ª—å–Ω—ã–π —É—Ä–æ–≤–µ–Ω—å;–°–µ—Ä—Ç–∏—Ñ–∏–∫–∞—Ç Stepik;3 —á–∞—Å–∞ –≤ –Ω–µ–¥–µ–ª—é
40;–°–ø–µ—Ü–∏–∞–ª–∏–∑–∞—Ü–∏—è ¬´–ê–Ω–∞–ª–∏—Ç–∏–∫ –¥–∞–Ω–Ω—ã—Ö¬ª;121043;–ò–≥–æ—Ä—å –ö–∏–º;1 500 ‚ÇΩ;229 —É—á–∞—â–∏—Ö—Å—è;;;–ù–∞—á–∞–ª—å–Ω—ã–π —É—Ä–æ–≤–µ–Ω—å;—Å–µ—Ä—Ç–∏—Ñ–∏–∫–∞—Ç;4-5 —á–∞—Å–æ–≤ –≤ –Ω–µ–¥–µ–ª—é. 5 –Ω–µ–¥–µ–ª—å
41;–ì—Ä–∞–º–º–∞—Ç–∏–∫–∞ –∞–Ω–≥–ª–∏–π—Å–∫–æ–≥–æ —è–∑—ã–∫–∞. –¢–æ—Ç–∞–ª—å–Ω—ã–π –∫—É—Ä—Å –∏ —Ç—Ä–µ–Ω–∞–∂—ë—Ä.;119270;–ö—Ä–∏—Å—Ç–∏–Ω–∞ –ú.;450 ‚ÇΩ;60 —É—á–∞—â–∏—Ö—Å—è;–∏–∑ 1 –æ—Ç–∑—ã–≤–∞;5;–ù–∞—á–∞–ª—å–Ω—ã–π —É—Ä–æ–≤–µ–Ω—å;–°–µ—Ä—Ç–∏—Ñ–∏–∫–∞—Ç Stepik;3
42;Web-—Ç–µ—Ö–Ω–æ–ª–æ–≥–∏–∏: –ø—Ä–∞–∫—Ç–∏—á–µ—Å–∫–∏–π –∫—É—Ä—Å CSS;109663;–ú–∞—Ä–∏—è –ê–∂–≥–∏—Ö–∏–Ω–∞;1 490 ‚ÇΩ;51 —É—á–∞—â–∏–π—Å—è;–∏–∑ 8 –æ—Ç–∑—ã–≤–æ–≤;5;–°—Ä–µ–¥–Ω–∏–π —É—Ä–æ–≤–µ–Ω—å;–°–µ—Ä—Ç–∏—Ñ–∏–∫–∞—Ç Stepik;1-2
43;–ö—É—Ä—Å —Å–æ–∑–¥–∞–Ω–∏—è 3D –ø–µ—Ä—Å–æ–Ω–∞–∂–µ–π 2022 + –ø—Ä–æ–¥–∞–∂–∞ –Ω–∞ NFT –º–∞—Ä–∫–µ—Ç–ø–ª–µ–π—Å–∞—Ö;113379;IT —à–∫–æ–ª–∞ ROBIUS;11 990 ‚ÇΩ;;;;–ù–∞—á–∞–ª—å–Ω—ã–π —É—Ä–æ–≤–µ–Ω—å;–°–µ—Ä—Ç–∏—Ñ–∏–∫–∞—Ç Stepik;4-5
44;–°—É–ø–µ—Ä–∏–Ω—Ç–µ–Ω—Å–∏–≤ –ø–æ –∞–Ω–≥–ª–∏–π—Å–∫–∏–º –Ω–µ–ø—Ä–∞–≤–∏–ª—å–Ω—ã–º –≥–ª–∞–≥–æ–ª–∞–º;109584;–û–ª—å–≥–∞ –ö–æ–Ω—Å—Ç–∞–Ω—Ç–∏–Ω–æ–≤–Ω–∞ –ë–∞—Ä—Ö—É–¥–∞—Ä—è–Ω;1 500 ‚ÇΩ;12 —É—á–∞—â–∏—Ö—Å—è;;;;–°–µ—Ä—Ç–∏—Ñ–∏–∫–∞—Ç Stepik;
45;–û—Å–Ω–æ–≤—ã Pandas –¥–ª—è –Ω–∞—á–∏–Ω–∞—é—â–∏—Ö;120014;–†–æ–º–∞–Ω –ú–µ–¥–≤–µ–¥–µ–≤;990 ‚ÇΩ;1 689 —É—á–∞—â–∏—Ö—Å—è;–∏–∑ 71 –æ—Ç–∑—ã–≤–∞;4.9;–ù–∞—á–∞–ª—å–Ω—ã–π —É—Ä–æ–≤–µ–Ω—å;–°–µ—Ä—Ç–∏—Ñ–∏–∫–∞—Ç Stepik;2
46;Python: –∞–Ω–∞–ª–∏–∑ –¥–∞–Ω–Ω—ã—Ö —Å Pandas;118593;–ò–≥–æ—Ä—å –ö–∏–º;1 500 ‚ÇΩ;440 —É—á–∞—â–∏—Ö—Å—è;–∏–∑ 43 –æ—Ç–∑—ã–≤–æ–≤;4.8;–°—Ä–µ–¥–Ω–∏–π —É—Ä–æ–≤–µ–Ω—å;–°–µ—Ä—Ç–∏—Ñ–∏–∫–∞—Ç Stepik;4-5 —á–∞—Å–æ–≤ –≤ –Ω–µ–¥–µ–ª—é. 4 –Ω–µ–¥–µ–ª–∏
47;"""–ü–æ–∫–æ–ª–µ–Ω–∏–µ Python"": –∫—É—Ä—Å –¥–ª—è –ø—Ä–æ—Ñ–µ—Å—Å–∏–æ–Ω–∞–ª–æ–≤";82541;–¢–∏–º—É—Ä üë®‚Äçüè´ –ì—É–µ–≤;3 400 ‚ÇΩ;5 828 —É—á–∞—â–∏—Ö—Å—è;–∏–∑ 180 –æ—Ç–∑—ã–≤–æ–≤;5;–ü—Ä–æ–¥–≤–∏–Ω—É—Ç—ã–π —É—Ä–æ–≤–µ–Ω—å;–°–µ—Ä—Ç–∏—Ñ–∏–∫–∞—Ç Stepik;10 —á–∞—Å–æ–≤ –≤ –Ω–µ–¥–µ–ª—é
48;–ü—Ä–æ—Ñ–µ—Å—Å–∏—è –∫–æ—Ä—Ä–µ–∫—Ç–æ—Ä;119374;–ö–æ—Ä—Ä–µ–∫—Ç–æ—Ä—Å–∫–æ–µ –±—é—Ä–æ ¬´–Å–ª–∫–∏-–ø–∞–ª–∫–∏¬ª;2 500 ‚ÇΩ;16 —É—á–∞—â–∏—Ö—Å—è;;;–ù–∞—á–∞–ª—å–Ω—ã–π —É—Ä–æ–≤–µ–Ω—å;–°–µ—Ä—Ç–∏—Ñ–∏–∫–∞—Ç Stepik;
49;–í–µ—Ä—Å—Ç–∫–∞ –∏ –≤–µ–±-—Ä–∞–∑—Ä–∞–±–æ—Ç–∫–∞ —Å–∞–π—Ç–æ–≤. –ü—Ä–æ–¥–≤–∏–Ω—É—Ç—ã–π —É—Ä–æ–≤–µ–Ω—å Web Develop;118223;–î–º–∏—Ç—Ä–∏–π –§–æ–∫–µ–µ–≤;1 790 ‚ÇΩ;685 —É—á–∞—â–∏—Ö—Å—è;–∏–∑ 16 –æ—Ç–∑—ã–≤–æ–≤;4.8;–°—Ä–µ–¥–Ω–∏–π —É—Ä–æ–≤–µ–Ω—å;–°–µ—Ä—Ç–∏—Ñ–∏–∫–∞—Ç Stepik;4-5 —á–∞—Å–æ–≤ –≤ –Ω–µ–¥–µ–ª—é
50;–ì–æ—Ä—ã, –≤–∏–Ω–æ –∏ –¥—Ä—É–≥–∏–µ —Ç–∞–Ω—Ü—ã. –ì—Ä—É–∑–∏–Ω—Å–∫–∞—è –≥—Ä–∞–º–º–∞—Ç–∏–∫–∞ –∏ –∫—É–ª—å—Ç—É—Ä–∞;119300;Aleksej Czernorzecze≈Ñski –ê–ª–µ–∫—Å–µ–π –ß–µ—Ä–Ω–æ—Ä–µ—á–µ–Ω—Å–∫–∏–π;–ë–µ—Å–ø–ª–∞—Ç–Ω–æ;2 653 —É—á–∞—â–∏—Ö—Å—è;–∏–∑ 9 –æ—Ç–∑—ã–≤–æ–≤;4.8;–ù–∞—á–∞–ª—å–Ω—ã–π —É—Ä–æ–≤–µ–Ω—å;–°–µ—Ä—Ç–∏—Ñ–∏–∫–∞—Ç Stepik;168 —á–∞—Å–æ–≤ –≤ –Ω–µ–¥–µ–ª—é
51;–¢–∏–ø—ã –≥–ª–∞–≥–æ–ª–æ–≤ –≤ —Ñ–∏–Ω—Å–∫–æ–º —è–∑—ã–∫–µ;107369;–û–ª—å–≥–∞ –ù–æ–≤–æ–∂–∏–ª–æ–≤–∞;500 ‚ÇΩ;13 —É—á–∞—â–∏—Ö—Å—è;;;;;
52;WEB –ü–∞—Ä—Å–∏–Ω–≥ –Ω–∞ Python;104774;–ü–∞–≤–µ–ª –•–æ—à–µ–≤;3 500 ‚ÇΩ;1 423 —É—á–∞—â–∏—Ö—Å—è;–∏–∑ 57 –æ—Ç–∑—ã–≤–æ–≤;5;–°—Ä–µ–¥–Ω–∏–π —É—Ä–æ–≤–µ–Ω—å;–°–µ—Ä—Ç–∏—Ñ–∏–∫–∞—Ç Stepik;3-5 —á–∞—Å–æ–≤ –≤ –Ω–µ–¥–µ–ª—é
53;NumPy-–º–∞—Å—Å–∏–≤—ã –≤ Python;113585;–ê–Ω–∞—Å—Ç–∞—Å–∏—è –õ–æ–±–∫–∏–Ω–∞;2 600 ‚ÇΩ;121 —É—á–∞—â–∏–π—Å—è;–∏–∑ 15 –æ—Ç–∑—ã–≤–æ–≤;4.9;;–°–µ—Ä—Ç–∏—Ñ–∏–∫–∞—Ç Stepik;
54;–¢—Ä—É–¥–æ—É—Å—Ç—Ä–æ–π—Å—Ç–≤–æ –≤ BIM: –ö–∞–∫ –ø–æ–¥–≥–æ—Ç–æ–≤–∏—Ç—å—Å—è –∫ —Å–æ–±–µ—Å–µ–¥–æ–≤–∞–Ω–∏—é;109444;Andrey Rybakov;2 999 ‚ÇΩ;182 —É—á–∞—â–∏—Ö—Å—è;–∏–∑ 5 –æ—Ç–∑—ã–≤–æ–≤;5;–ù–∞—á–∞–ª—å–Ω—ã–π —É—Ä–æ–≤–µ–Ω—å;–°–µ—Ä—Ç–∏—Ñ–∏–∫–∞—Ç Stepik;2 —á–∞—Å–∞
55;Kotlin - –±—ã—Å—Ç—Ä—ã–π —Å—Ç–∞—Ä—Ç;118541;;4 990 ‚ÇΩ;163 —É—á–∞—â–∏—Ö—Å—è;–∏–∑ 8 –æ—Ç–∑—ã–≤–æ–≤;5;–°—Ä–µ–¥–Ω–∏–π —É—Ä–æ–≤–µ–Ω—å;;
56;Android –ø—Ä–æ—Ñ–µ—Å—Å–∏–æ–Ω–∞–ª—å–Ω—ã–π —É—Ä–æ–≤–µ–Ω—å (Kotlin);117314;–ê–Ω–¥—Ä–µ–π –°—É–º–∏–Ω;6 990 ‚ÇΩ;439 —É—á–∞—â–∏—Ö—Å—è;–∏–∑ 7 –æ—Ç–∑—ã–≤–æ–≤;5;–°—Ä–µ–¥–Ω–∏–π —É—Ä–æ–≤–µ–Ω—å;;
57;ezüçâPandas;105785;Slava üåÄ Golyshevskii;390 ‚ÇΩ;246 —É—á–∞—â–∏—Ö—Å—è;–∏–∑ 20 –æ—Ç–∑—ã–≤–æ–≤;4.6;–ù–∞—á–∞–ª—å–Ω—ã–π —É—Ä–æ–≤–µ–Ω—å;–°–µ—Ä—Ç–∏—Ñ–∏–∫–∞—Ç Stepik;
58;AutoCAD 2023: 2D —á–µ—Ä—á–µ–Ω–∏–µ;117875;–ê–ª–µ–∫—Å–∞–Ω–¥—Ä –ë–æ–Ω–¥–∞—Ä–µ–≤;3 000 ‚ÇΩ;9 —É—á–∞—â–∏—Ö—Å—è;;;–ù–∞—á–∞–ª—å–Ω—ã–π —É—Ä–æ–≤–µ–Ω—å;;5-6 —á–∞—Å–æ–≤ –≤ –Ω–µ–¥–µ–ª—é
59;–û–Ω–ª–∞–π–Ω-–ø—Ä–æ–¥–≤–∏–∂–µ–Ω–∏–µ –±–∏–∑–Ω–µ—Å–∞ –≤ 2022;115089;–ò—Ä–∏–Ω–∞ –¢—Ä–∏–≥—É–±;2 990 ‚ÇΩ;4 —É—á–∞—â–∏—Ö—Å—è;;;–ù–∞—á–∞–ª—å–Ω—ã–π —É—Ä–æ–≤–µ–Ω—å;;
60;Python Basic. –¢–µ—Å—Ç—ã –∏ –∑–∞–¥–∞—á–∏. –ü—Ä–æ–≤–µ—Ä–∫–∞ —Å–≤–æ–∏—Ö –∑–Ω–∞–Ω–∏–π „ÉÑ;116108;üêæSvetlana üíö üêç;897 ‚ÇΩ;184 —É—á–∞—â–∏—Ö—Å—è;–∏–∑ 3 –æ—Ç–∑—ã–≤–æ–≤;5;–°—Ä–µ–¥–Ω–∏–π —É—Ä–æ–≤–µ–Ω—å;–°–µ—Ä—Ç–∏—Ñ–∏–∫–∞—Ç Stepik;4-5 —á–∞—Å–æ–≤ –≤ –Ω–µ–¥–µ–ª—é
61;–¢–∞—Ä–≥–µ—Ç–æ–ª–æ–≥ VK: —Ñ–ª—ç—à-–∫–∞—Ä—Ç–æ—á–∫–∏ + —Ç–µ—Å—Ç–∏—Ä–æ–≤–∞–Ω–∏–µ;116305;–¶–∏—Ñ—Ä–æ–≤–æ–π –ì—Ä–∞–º–æ—Ç–µ–π;357 ‚ÇΩ;24 —É—á–∞—â–∏—Ö—Å—è;–∏–∑ 1 –æ—Ç–∑—ã–≤–∞;5;–ù–∞—á–∞–ª—å–Ω—ã–π —É—Ä–æ–≤–µ–Ω—å;–°–µ—Ä—Ç–∏—Ñ–∏–∫–∞—Ç Stepik;10-15 –º–∏–Ω. –≤ –¥–µ–Ω—å
62;–¢—É—Ä–µ—Ü–∫–∏–π —è–∑—ã–∫. –õ–µ–≥–æ —Å–æ–≤—Å–µ–º –ø–æ-–≤–∑—Ä–æ—Å–ª–æ–º—É;117662;;–ë–µ—Å–ø–ª–∞—Ç–Ω–æ;4 800 —É—á–∞—â–∏—Ö—Å—è;–∏–∑ 39 –æ—Ç–∑—ã–≤–æ–≤;4.9;;–°–µ—Ä—Ç–∏—Ñ–∏–∫–∞—Ç Stepik;
63;–ö–∞–∫ –Ω–∞–ø–∏—Å–∞—Ç—å –∫—É—Ä—Å–æ–≤—É—é —Ä–∞–±–æ—Ç—É;116259;–ü–æ–ª–∏–Ω–∞ –ö—Ä–∏–≤—ã—Ö;500 ‚ÇΩ;34 —É—á–∞—â–∏—Ö—Å—è;;;–ù–∞—á–∞–ª—å–Ω—ã–π —É—Ä–æ–≤–µ–Ω—å;;20 –º–∏–Ω—É—Ç
64;–¢–µ—Å—Ç–∏—Ä–æ–≤–∞–Ω–∏–µ –ü–û —Å –ù—É–ª—è –¥–æ –°–ø–µ—Ü–∏–∞–ª–∏—Å—Ç–∞;116411;–ê–ª–µ–∫—Å –°–º–∏—Ç;1 499 ‚ÇΩ;11 350 —É—á–∞—â–∏—Ö—Å—è;–∏–∑ 384 –æ—Ç–∑—ã–≤–æ–≤;4.9;–ù–∞—á–∞–ª—å–Ω—ã–π —É—Ä–æ–≤–µ–Ω—å;–°–µ—Ä—Ç–∏—Ñ–∏–∫–∞—Ç Stepik;–æ—Ç 5-7 —á–∞—Å–æ–≤ –≤ –Ω–µ–¥–µ–ª—é
65;Spring –¥–ª—è –Ω–∞—á–∏–Ω–∞—é—â–∏—Ö;115372;–ó–∞—É—Ä –¢—Ä–µ–≥—É–ª–æ–≤;1 350 ‚ÇΩ;710 —É—á–∞—â–∏—Ö—Å—è;–∏–∑ 40 –æ—Ç–∑—ã–≤–æ–≤;5;–ù–∞—á–∞–ª—å–Ω—ã–π —É—Ä–æ–≤–µ–Ω—å;;4-5 —á–∞—Å–æ–≤ –≤ –Ω–µ–¥–µ–ª—é
66;–ö–∞–∫ —Å–ø—Ä–∞–≤–∏—Ç—å—Å—è —Å –ø—Ä–æ–∫—Ä–∞—Å—Ç–∏–Ω–∞—Ü–∏–µ–π, –∞–ø–∞—Ç–∏–µ–π –∏ –¥–µ–ø—Ä–µ—Å—Å–∏–µ–π;117144;–ï–ª–µ–Ω–∞ –ó–∞–∏—Ç–æ–≤–∞;7 000 ‚ÇΩ;3 —É—á–∞—â–∏—Ö—Å—è;–∏–∑ 1 –æ—Ç–∑—ã–≤–∞;5;–ù–∞—á–∞–ª—å–Ω—ã–π —É—Ä–æ–≤–µ–Ω—å;;–ø–æ–ª—á–∞—Å–∞ –≤ –¥–µ–Ω—å
67;–ü—Ä–∞–∫—Ç–∏—á–µ—Å–∫–∏–π UI –¥–∏–∑–∞–π–Ω –±—É—Ç–∫–µ–º–ø;114973;Irina Nik;2 890 ‚ÇΩ;118 —É—á–∞—â–∏—Ö—Å—è;–∏–∑ 3 –æ—Ç–∑—ã–≤–æ–≤;5;–ù–∞—á–∞–ª—å–Ω—ã–π —É—Ä–æ–≤–µ–Ω—å;;4-5 —á–∞—Å–æ–≤ –≤ –Ω–µ–¥–µ–ª—é
68;–ê–Ω–≥–ª–∏–π—Å–∫–∏–π —è–∑—ã–∫. –£—á–∏–º—Å—è —Å–ª—É—à–∞—Ç—å –∏ –ø–æ–Ω–∏–º–∞—Ç—å –∞–Ω–≥–ª–∏–π—Å–∫—É—é —Ä–µ—á—å;108779;Natalia Glushko;2 700 ‚ÇΩ;100 —É—á–∞—â–∏—Ö—Å—è;–∏–∑ 4 –æ—Ç–∑—ã–≤–æ–≤;5;–ù–∞—á–∞–ª—å–Ω—ã–π —É—Ä–æ–≤–µ–Ω—å;–°–µ—Ä—Ç–∏—Ñ–∏–∫–∞—Ç Stepik;36 –∞–∫–∞–¥–µ–º–∏—á–µ—Å–∫–∏—Ö —á–∞—Å–æ–≤
69;–ê–Ω–∞–ª–∏–∑ –¥–∞–Ω–Ω—ã—Ö –≤ KNIME;114684;–ò–≥–æ—Ä—å –ö–∏–º;–ë–µ—Å–ø–ª–∞—Ç–Ω–æ;1 110 —É—á–∞—â–∏—Ö—Å—è;–∏–∑ 32 –æ—Ç–∑—ã–≤–æ–≤;4.9;–ù–∞—á–∞–ª—å–Ω—ã–π —É—Ä–æ–≤–µ–Ω—å;;4-7 —á–∞—Å–æ–≤
70;–ü–∞—Ä–∞–º–µ—Ç—Ä–∏—á–µ—Å–∫–æ–µ –º–æ–¥–µ–ª–∏—Ä–æ–≤–∞–Ω–∏–µ –≤ Grasshopper - –∫—Ä–µ–ø–∫–∞—è –æ—Å–Ω–æ–≤–∞.;91457;;6 999 ‚ÇΩ;135 —É—á–∞—â–∏—Ö—Å—è;–∏–∑ 16 –æ—Ç–∑—ã–≤–æ–≤;4.9;–ù–∞—á–∞–ª—å–Ω—ã–π —É—Ä–æ–≤–µ–Ω—å;;4
71;–í–µ—Ä—Å—Ç–∫–∞ –∏ –≤–µ–± —Ä–∞–∑—Ä–∞–±–æ—Ç–∫–∞ —Å–∞–π—Ç–æ–≤ 2022 - —Å –Ω—É–ª—è! Web development;114109;–î–º–∏—Ç—Ä–∏–π –§–æ–∫–µ–µ–≤;1 790 ‚ÇΩ;1 397 —É—á–∞—â–∏—Ö—Å—è;–∏–∑ 165 –æ—Ç–∑—ã–≤–æ–≤;5;–ù–∞—á–∞–ª—å–Ω—ã–π —É—Ä–æ–≤–µ–Ω—å;–°–µ—Ä—Ç–∏—Ñ–∏–∫–∞—Ç Stepik;4-5 —á–∞—Å–æ–≤ –≤ –Ω–µ–¥–µ–ª—é
72;–ü—Ä–æ–¥–≤–∏–Ω—É—Ç–∞—è —Ä–∞–±–æ—Ç–∞ —Å –æ—à–∏–±–∫–∞–º–∏ –∏ –ø–∞–Ω–∏–∫–æ–π –≤ Go (Golang);114432;–ê–Ω—Ç–æ–Ω –¢–µ–ª—ã—à–µ–≤;21 280 ‚ÇΩ;28 —É—á–∞—â–∏—Ö—Å—è;;;–ü—Ä–æ–¥–≤–∏–Ω—É—Ç—ã–π —É—Ä–æ–≤–µ–Ω—å;—Å–µ—Ä—Ç–∏—Ñ–∏–∫–∞—Ç;–ù–µ—Ç –¥–µ–¥–ª–∞–π–Ω–æ–≤, –º–æ–∂–Ω–æ –ø—Ä–æ—Ö–æ–¥–∏—Ç—å –≤ —É–¥–æ–±–Ω–æ–º –¥–ª—è –≤–∞—Å —Ç–µ–º–ø–µ
73;–†–∞–∑—Ä–∞–±–æ—Ç–∫–∞ –≤–µ–±-–ø—Ä–∏–ª–æ–∂–µ–Ω–∏–π –Ω–∞ Node.js;100438;–¢–£–°–£–†;–ë–µ—Å–ø–ª–∞—Ç–Ω–æ;5 847 —É—á–∞—â–∏—Ö—Å—è;–∏–∑ 9 –æ—Ç–∑—ã–≤–æ–≤;4.6;;–°–µ—Ä—Ç–∏—Ñ–∏–∫–∞—Ç Stepik;–ö—É—Ä—Å —Ä–∞—Å—Å—á–∏—Ç–∞–Ω –Ω–∞ 5-6 –Ω–µ–¥–µ–ª—å –æ–±—É—á–µ–Ω–∏—è.
74;TypeScript –¥–ª—è —Å–æ–≤—Ä–µ–º–µ–Ω–Ω–æ–π —Ä–∞–∑—Ä–∞–±–æ—Ç–∫–∏;121859;–ú–∏—Ö–∞–∏–ª –ù–µ–ø–æ–º–Ω—è—â–∏–π;2 890 ‚ÇΩ;145 —É—á–∞—â–∏—Ö—Å—è;–∏–∑ 6 –æ—Ç–∑—ã–≤–æ–≤;4.5;–°—Ä–µ–¥–Ω–∏–π —É—Ä–æ–≤–µ–Ω—å;;2-3 —á–∞—Å–∞ –≤ –Ω–µ–¥–µ–ª—é
75;–†–µ–≥—É–ª—è—Ä–Ω—ã–µ –≤—ã—Ä–∞–∂–µ–Ω–∏—è –Ω–∞ –ø—Ä–∏–º–µ—Ä–∞—Ö;113802;Evgeniy Lestopadov;789 ‚ÇΩ;33 —É—á–∞—â–∏—Ö—Å—è;–∏–∑ 3 –æ—Ç–∑—ã–≤–æ–≤;4.3;–ù–∞—á–∞–ª—å–Ω—ã–π —É—Ä–æ–≤–µ–Ω—å;–°–µ—Ä—Ç–∏—Ñ–∏–∫–∞—Ç Stepik;6 —á–∞—Å–æ–≤
76;WEB –ø—Ä–æ–≥—Ä–∞–º–º–∏—Ä–æ–≤–∞–Ω–∏–µ –Ω–∞ ASP.NET Core. –í–°–ï –°–ê–ú;114281;–ò–æ—Å–∏—Ñ –î–∑–µ—Ä–∞–Ω–æ–≤;45 000 ‚ÇΩ;30 —É—á–∞—â–∏—Ö—Å—è;;;–°—Ä–µ–¥–Ω–∏–π —É—Ä–æ–≤–µ–Ω—å;;6-7 —á–∞—Å–æ–≤ –≤ –Ω–µ–¥–µ–ª—é
77;SQL for everybody. Junior;101108;Fios Academy;299 ‚ÇΩ;465 —É—á–∞—â–∏—Ö—Å—è;–∏–∑ 79 –æ—Ç–∑—ã–≤–æ–≤;4.6;–ù–∞—á–∞–ª—å–Ω—ã–π —É—Ä–æ–≤–µ–Ω—å;;
78;–ì—Ä–∞–º–º–∞—Ç–∏–∫–∞ –∞–Ω–≥–ª–∏–π—Å–∫–æ–≥–æ —è–∑—ã–∫–∞: step by step (A1-A2);105974;Elena Mikhailenko;2 300 ‚ÇΩ;434 —É—á–∞—â–∏—Ö—Å—è;–∏–∑ 31 –æ—Ç–∑—ã–≤–∞;5;;–°–µ—Ä—Ç–∏—Ñ–∏–∫–∞—Ç Stepik;36 –∞–∫–∞–¥–µ–º–∏—á–µ—Å–∫–∏—Ö —á–∞—Å–æ–≤
79;–ß—Ç–æ-—Ç–æ –Ω–∞ –æ—Ñ–∏—Å–Ω–æ–º, –∏–ª–∏ –ù–æ—Ä–º—ã –∏ –ø—Ä–∞–≤–∏–ª–∞ –±–∏–∑–Ω–µ—Å-–ø—Ä–∞–≤–æ–ø–∏—Å–∞–Ω–∏—è;108908;;–ë–µ—Å–ø–ª–∞—Ç–Ω–æ;12 454 —É—á–∞—â–∏—Ö—Å—è;–∏–∑ 169 –æ—Ç–∑—ã–≤–æ–≤;4.6;;–°–µ—Ä—Ç–∏—Ñ–∏–∫–∞—Ç Stepik;
80;Google-—Ç–∞–±–ª–∏—Ü—ã. –æ—Ç –ê –¥–æ –Ø;113401;–ü–∞–≤–µ–ª –ö–æ–≥–∞–Ω;1 890 ‚ÇΩ;16 —É—á–∞—â–∏—Ö—Å—è;–∏–∑ 1 –æ—Ç–∑—ã–≤–∞;4;–ù–∞—á–∞–ª—å–Ω—ã–π —É—Ä–æ–≤–µ–Ω—å;;2-3
81;BIM Planet No1. –ó–Ω–∞–∫–æ–º—Å—Ç–≤–æ —Å Dynamo (–ø–æ–ª–Ω—ã–π –∫—É—Ä—Å –î–∏–Ω–∞–º–æ);50129;–ú–∞–∫—Å–∏–º –°—Ç–µ–ø–∞–Ω–Ω–∏–∫–æ–≤;17 500 ‚ÇΩ;1 272 —É—á–∞—â–∏—Ö—Å—è;–∏–∑ 102 –æ—Ç–∑—ã–≤–æ–≤;5;;–°–µ—Ä—Ç–∏—Ñ–∏–∫–∞—Ç Stepik;5 - 15 —á–∞—Å–æ–≤ –≤ –Ω–µ–¥–µ–ª—é
82;BIM Planet No2. –ü–æ–≥—Ä—É–∂–µ–Ω–∏–µ –≤ IronPython –∏ Revit API;50277;–ú–∞–∫—Å–∏–º –°—Ç–µ–ø–∞–Ω–Ω–∏–∫–æ–≤;17 000 ‚ÇΩ;440 —É—á–∞—â–∏—Ö—Å—è;–∏–∑ 9 –æ—Ç–∑—ã–≤–æ–≤;5;;–°–µ—Ä—Ç–∏—Ñ–∏–∫–∞—Ç Stepik;5 - 15 —á–∞—Å–æ–≤ –≤ –Ω–µ–¥–µ–ª—é
83;Python –¥–ª—è –∏—Å–∫—É—Å—Å—Ç–≤–µ–Ω–Ω–æ–≥–æ –∏–Ω—Ç–µ–ª–ª–µ–∫—Ç–∞;110361;–ò–ª—å—è –¢–∏—Ö–æ–Ω–æ–≤;–ë–µ—Å–ø–ª–∞—Ç–Ω–æ;7 814 —É—á–∞—â–∏—Ö—Å—è;–∏–∑ 33 –æ—Ç–∑—ã–≤–æ–≤;4.1;;;3 –Ω–µ–¥–µ–ª–∏, 1-1,5 —á–∞—Å–∞ –≤ –Ω–µ–¥–µ–ª—é
84;–û—Å–Ω–æ–≤—ã —Å–æ—Ü–∏–∞–ª—å–Ω–æ–≥–æ –ø—Ä–æ–µ–∫—Ç–∏—Ä–æ–≤–∞–Ω–∏—è;95283;–°–≤–µ—Ç–ª–∞–Ω–∞ –ë–∞–∂–µ–Ω–æ–≤–∞;–ë–µ—Å–ø–ª–∞—Ç–Ω–æ;3 214 —É—á–∞—â–∏—Ö—Å—è;–∏–∑ 86 –æ—Ç–∑—ã–≤–æ–≤;4.8;;;
85;ESG: –æ—Å–Ω–æ–≤—ã –¥–ª—è –∫–∞–∂–¥–æ–≥–æ;107395;–õ–∏—Ñ—Ç –≤ –ë—É–¥—É—â–µ–µ;–ë–µ—Å–ø–ª–∞—Ç–Ω–æ;1 286 —É—á–∞—â–∏—Ö—Å—è;–∏–∑ 27 –æ—Ç–∑—ã–≤–æ–≤;4.7;;;30 –º–∏–Ω—É—Ç
86;–ö–∏—Ç–∞–π—Å–∫–∏–π —è–∑—ã–∫. –§–æ–Ω–µ—Ç–∏—á–µ—Å–∫–∏–π —Ç—Ä–µ–Ω–∞–∂–µ—Ä —Å –æ–±—Ä–∞—Ç–Ω–æ–π —Å–≤—è–∑—å—é;108146;–ï–ª–∏–∑–∞–≤–µ—Ç–∞ –†—è–∑–∞–Ω–æ–≤–∞;2 900 ‚ÇΩ;81 —É—á–∞—â–∏–π—Å—è;–∏–∑ 4 –æ—Ç–∑—ã–≤–æ–≤;5;;–°–µ—Ä—Ç–∏—Ñ–∏–∫–∞—Ç Stepik;20 –º–∏–Ω—É—Ç –≤ –¥–µ–Ω—å
87;–¢–∞–π–º-–º–µ–Ω–µ–¥–∂–º–µ–Ω—Ç;102186;–ú–∞—Ä–∏–Ω–∞ –ö–∏—Ä–∞–∫–æ—Å—è–Ω;–ë–µ—Å–ø–ª–∞—Ç–Ω–æ;12 665 —É—á–∞—â–∏—Ö—Å—è;–∏–∑ 154 –æ—Ç–∑—ã–≤–æ–≤;4.9;;;
88;–ñ–µ–ª–µ–∑–æ–±–µ—Ç–æ–Ω–Ω—ã–µ –∫–æ–Ω—Å—Ç—Ä—É–∫—Ü–∏–∏ –≤ Autodesk Revit;93434;–ê–ª–µ–∫—Å–∞–Ω–¥—Ä –ó—É–µ–≤;4 000 ‚ÇΩ;411 —É—á–∞—â–∏—Ö—Å—è;–∏–∑ 22 –æ—Ç–∑—ã–≤–æ–≤;5;–°—Ä–µ–¥–Ω–∏–π —É—Ä–æ–≤–µ–Ω—å;–°–µ—Ä—Ç–∏—Ñ–∏–∫–∞—Ç Stepik;–í –ª—é–±–æ–º —É–¥–æ–±–Ω–æ–º —Ç–µ–º–ø–µ, –æ—Ä–∏–µ–Ω—Ç–∏—Ä–æ–≤–æ—á–Ω–æ 20 –¥–Ω–µ–π –ø–æ 2 —á–∞—Å–∞ –≤ –¥–µ–Ω—å
89;–ï–ì–≠ –ø–æ –∞–Ω–≥–ª–∏–π—Å–∫–æ–º—É 2022 - –ø—Ä–æ–∫–∞—á–∏–≤–∞–µ–º –ì–æ–≤–æ—Ä–µ–Ω–∏–µ (—Å –ø—Ä–æ–≤–µ—Ä–∫–æ–π);109735;–ö—Å–µ–Ω–∏—è –°–µ–º–µ–Ω–æ–≤–∞;5 900 ‚ÇΩ;1 —É—á–∞—â–∏–π—Å—è;;;;;–ó–∞–≤–∏—Å–∏—Ç –æ—Ç –Ω–∞—á–∞–ª—å–Ω–æ–≥–æ —É—Ä–æ–≤–Ω—è
90;Soft skills: –Ω–µ–∑–∞–º–µ–Ω–∏–º—ã–µ –∂–∏–∑–Ω–µ–Ω–Ω—ã–µ –Ω–∞–≤—ã–∫–∏;105225;–ò—Ä–∏–Ω–∞ –ú—è–≥–∫–æ–≤–∞;–ë–µ—Å–ø–ª–∞—Ç–Ω–æ;9 205 —É—á–∞—â–∏—Ö—Å—è;–∏–∑ 92 –æ—Ç–∑—ã–≤–æ–≤;4.5;;;
91;–û–ª–∏–º–ø–∏–∞–¥–Ω–∞—è –º–∞—Ç–µ–º–∞—Ç–∏–∫–∞. –ß–∞—Å—Ç—å 1;107136;–ê–Ω—Ç–æ–Ω –®–∞—Ä–æ–≤;3 000 ‚ÇΩ;29 —É—á–∞—â–∏—Ö—Å—è;–∏–∑ 4 –æ—Ç–∑—ã–≤–æ–≤;5;;;
92;–ö–∞–∫ —Å–æ–∑–¥–∞—Ç—å –ù–ö–û;106877;–°–≤–µ—Ç–ª–∞–Ω–∞ –ë–∞–∂–µ–Ω–æ–≤–∞;–ë–µ—Å–ø–ª–∞—Ç–Ω–æ;1 537 —É—á–∞—â–∏—Ö—Å—è;–∏–∑ 75 –æ—Ç–∑—ã–≤–æ–≤;4.9;;;
93;Beauty —Ñ–æ—Ç–æ–≥—Ä–∞—Ñ–∏—è: –æ—Ç –∏–¥–µ–∏ –¥–æ –ø—É–±–ª–∏–∫–∞—Ü–∏–∏;108546;–ê–Ω–∞—Å—Ç–∞—Å–∏—è –¶–∞—Ä—å–∫–æ–≤–∞;2 850 ‚ÇΩ;341 —É—á–∞—â–∏–π—Å—è;–∏–∑ 7 –æ—Ç–∑—ã–≤–æ–≤;4.9;;–°–µ—Ä—Ç–∏—Ñ–∏–∫–∞—Ç Stepik;3 –º–æ–¥—É–ª—è - 23 —É—Ä–æ–∫–∞–ü—Ä–æ–¥–æ–ª–∂–∏—Ç–µ–ª—å–Ω–æ—Å—Ç—å –≤–∏–¥–µ–æ - 53 –º–∏–Ω
94;"–ü—Ä–æ—Ñ–µ—Å—Å–∏—è ""C# —Ä–∞–∑—Ä–∞–±–æ—Ç—á–∏–∫""";107779;–ò–æ—Å–∏—Ñ –î–∑–µ—Ä–∞–Ω–æ–≤;11 990 ‚ÇΩ;145 —É—á–∞—â–∏—Ö—Å—è;–∏–∑ 1 –æ—Ç–∑—ã–≤–∞;5;–ù–∞—á–∞–ª—å–Ω—ã–π —É—Ä–æ–≤–µ–Ω—å;–°–µ—Ä—Ç–∏—Ñ–∏–∫–∞—Ç Stepik;38 —á
95;–ò—Å–ø–∞–Ω—Å–∫–∏–∏ÃÜ / –†—É—Å—Å–∫–∏–∏ÃÜ: –ü—Ä–æ–≥—Ä–µ—Å—Å–∏–≤–Ω—ã–∏ÃÜ –∫—É—Ä—Å –æ–±—â–µ–∏ÃÜ –ª–µ–∫—Å–∏–∫–∏;99808;Alejandro Torres;–ë–µ—Å–ø–ª–∞—Ç–Ω–æ;4 637 —É—á–∞—â–∏—Ö—Å—è;–∏–∑ 87 –æ—Ç–∑—ã–≤–æ–≤;5;;–°–µ—Ä—Ç–∏—Ñ–∏–∫–∞—Ç Stepik;
96;–°–∏—Å—Ç–µ–º–Ω—ã–π –∞–Ω–∞–ª–∏—Ç–∏–∫ —Å –Ω—É–ª—è;68303;–ê–Ω–Ω–∞ –û–≤–∑—è–∫;5 500 ‚ÇΩ;300 —É—á–∞—â–∏—Ö—Å—è;–∏–∑ 23 –æ—Ç–∑—ã–≤–æ–≤;4.5;–ù–∞—á–∞–ª—å–Ω—ã–π —É—Ä–æ–≤–µ–Ω—å;–°–µ—Ä—Ç–∏—Ñ–∏–∫–∞—Ç Stepik;
97;–ú–µ–º—ã –≤ —Ä–∞–±–æ—Ç–µ –ø–µ–¥–∞–≥–æ–≥–∞;106892;–ê—Å—Å–æ—Ü–∏–∞—Ü–∏—è –ø–æ–±–µ–¥–∏—Ç–µ–ª–µ–π –æ–ª–∏–º–ø–∏–∞–¥;–ë–µ—Å–ø–ª–∞—Ç–Ω–æ;3 128 —É—á–∞—â–∏—Ö—Å—è;–∏–∑ 78 –æ—Ç–∑—ã–≤–æ–≤;4.8;;;
98;–ü–∞—Ç—Ç–µ—Ä–Ω—ã –≤ –∏–ª–ª—é—Å—Ç—Ä–∞—Ü–∏–∏;57934;–ê–ª–µ–∫—Å–∞–Ω–¥—Ä–∞ –°–∞–±–µ–ª—å—Å–∫–∞—è;9 900 ‚ÇΩ;239 —É—á–∞—â–∏—Ö—Å—è;–∏–∑ 41 –æ—Ç–∑—ã–≤–∞;5;;;
99;–°—Ç–∞—Ç—å–∏ –¥–ª—è IT: –∫–∞–∫ –æ–±—ä—è—Å–Ω—è—Ç—å –∏ —Ä–∞—Å–ø—Ä–æ—Å—Ç—Ä–∞–Ω—è—Ç—å –∑–Ω–∞—á–∏–º—ã–µ –∏–¥–µ–∏;101672;–ë–∏–±–ª–∏–æ—Ç–µ–∫–∞ –ø—Ä–æ–≥—Ä–∞–º–º–∏—Å—Ç–∞ (proglib.io);–ë–µ—Å–ø–ª–∞—Ç–Ω–æ;3 957 —É—á–∞—â–∏—Ö—Å—è;–∏–∑ 43 –æ—Ç–∑—ã–≤–æ–≤;4.9;;–°–µ—Ä—Ç–∏—Ñ–∏–∫–∞—Ç Stepik;1 —á–∞—Å –≤ –Ω–µ–¥–µ–ª—é
100;–ò–Ω—Ç–µ—Ä–Ω–µ—Ç-–º–∞—Ä–∫–µ—Ç–∏–Ω–≥ –¥–ª—è –Ω–∞—á–∏–Ω–∞—é—â–∏—Ö;102002;–û–º–ì–¢–£;–ë–µ—Å–ø–ª–∞—Ç–Ω–æ;18 595 —É—á–∞—â–∏—Ö—Å—è;–∏–∑ 292 –æ—Ç–∑—ã–≤–æ–≤;4.8;–ù–∞—á–∞–ª—å–Ω—ã–π —É—Ä–æ–≤–µ–Ω—å;–°–µ—Ä—Ç–∏—Ñ–∏–∫–∞—Ç Stepik;6 –Ω–µ–¥–µ–ª—å
101;–ë–æ–ª—å—à–æ–π –∫—É—Ä—Å —Å–∫–µ—Ç—á–∏–Ω–≥–∞ Ready to Sketch;101077;–ï–ª–µ–Ω–∞ –ú–∏—Ö–∞–π–ª–æ–≤–∞;4 900 ‚ÇΩ;11 —É—á–∞—â–∏—Ö—Å—è;;;;–°–µ—Ä—Ç–∏—Ñ–∏–∫–∞—Ç Stepik;
102;–†–µ–≥—É–ª—è—Ä–Ω—ã–µ –≤—ã—Ä–∞–∂–µ–Ω–∏—è. –ò–Ω—Ç–µ—Ä–∞–∫—Ç–∏–≤–Ω—ã–π —Ç—Ä–µ–Ω–∞–∂–µ—Ä.;101990;–î–º–∏—Ç—Ä–∏–π –ú–æ–≤—á–∞–Ω;12 $;30 —É—á–∞—â–∏—Ö—Å—è;–∏–∑ 5 –æ—Ç–∑—ã–≤–æ–≤;4.2;;;24 —á–∞—Å–∞
103;–ü—Ä–æ–¥–≤–∏–Ω—É—Ç–∞—è —Ä–∞–±–æ—Ç–∞ —Å –æ—à–∏–±–∫–∞–º–∏ –≤ Go (Golang);89381;–ê–Ω—Ç–æ–Ω –¢–µ–ª—ã—à–µ–≤;21 280 ‚ÇΩ;127 —É—á–∞—â–∏—Ö—Å—è;–∏–∑ 17 –æ—Ç–∑—ã–≤–æ–≤;5;–ü—Ä–æ–¥–≤–∏–Ω—É—Ç—ã–π —É—Ä–æ–≤–µ–Ω—å;–°–µ—Ä—Ç–∏—Ñ–∏–∫–∞—Ç Stepik;–ö—É—Ä—Å –Ω–µ –∏–º–µ–µ—Ç –¥–µ–¥–ª–∞–π–Ω–æ–≤, –º–æ–∂–Ω–æ –ø—Ä–æ—Ö–æ–¥–∏—Ç—å –≤ —É–¥–æ–±–Ω–æ–º –¥–ª—è –≤–∞—Å —Ç–µ–º–ø–µ
104;Big Data –∏ Data Science: –ø–µ—Ä–µ–π–¥–∏ –Ω–∞ –Ω–æ–≤—ã–π —É—Ä–æ–≤–µ–Ω—å;101689;–†—É—Å—Å–∫–∞—è –®–∫–æ–ª–∞ –ü—Ä–æ–≥—Ä–∞–º–º–∏—Ä–æ–≤–∞–Ω–∏—è;–ë–µ—Å–ø–ª–∞—Ç–Ω–æ;11 189 —É—á–∞—â–∏—Ö—Å—è;–∏–∑ 125 –æ—Ç–∑—ã–≤–æ–≤;4.5;;–°–µ—Ä—Ç–∏—Ñ–∏–∫–∞—Ç Stepik;26-28 —á–∞—Å–æ–≤6 –Ω–µ–¥–µ–ª—å –ø–æ 4-5 —á–∞—Å–æ–≤
105;React + Next.js - —Å –Ω—É–ª—è. TypeScript, Hooks, SSR –∏ CSS Grid;102551;–ê–Ω—Ç–æ–Ω –õ–∞—Ä–∏—á–µ–≤;1 890 ‚ÇΩ;415 —É—á–∞—â–∏—Ö—Å—è;–∏–∑ 9 –æ—Ç–∑—ã–≤–æ–≤;4.8;;–°–µ—Ä—Ç–∏—Ñ–∏–∫–∞—Ç Stepik;
106;Kubernetes –¥–ª—è –ø–æ–ª—å–∑–æ–≤–∞—Ç–µ–ª–µ–π;99188;–ö–∞–∑–±–µ–∫ –¢–æ–∫–∞–µ–≤;–ë–µ—Å–ø–ª–∞—Ç–Ω–æ;9 465 —É—á–∞—â–∏—Ö—Å—è;–∏–∑ 165 –æ—Ç–∑—ã–≤–æ–≤;4.7;;–°–µ—Ä—Ç–∏—Ñ–∏–∫–∞—Ç Stepik;8h
107;–û—Å–Ω–æ–≤—ã Dart;97479;Stanislav Chernyshev;–ë–µ—Å–ø–ª–∞—Ç–Ω–æ;3 166 —É—á–∞—â–∏—Ö—Å—è;–∏–∑ 29 –æ—Ç–∑—ã–≤–æ–≤;4.2;;;3-5 —á–∞—Å–æ–≤ –≤ –Ω–µ–¥–µ–ª—é
108;–û—Å–Ω–æ–≤—ã Scala;89974;–Æ–ª–∏—è –®—É—Ç–æ–≤–∞;–ë–µ—Å–ø–ª–∞—Ç–Ω–æ;4 795 —É—á–∞—â–∏—Ö—Å—è;–∏–∑ 70 –æ—Ç–∑—ã–≤–æ–≤;4.8;;;2 - 3 —á–∞—Å–∞ –≤ –Ω–µ–¥–µ–ª—é (–∑–∞–≤–∏—Å–∏—Ç –æ—Ç –≤–∞—à–µ–≥–æ —É—Ä–æ–≤–Ω—è)
109;–ï–ì–≠ –∏–Ω—Ñ–æ—Ä–º–∞—Ç–∏–∫–∞ 2022. –ì–æ–¥–æ–≤–æ–π –∫—É—Ä—Å.;88098;–ê–ª—ë–Ω–∞ –ö–æ–∂–µ–≤–Ω–∏–∫–æ–≤–∞;900 ‚ÇΩ;98 —É—á–∞—â–∏—Ö—Å—è;–∏–∑ 3 –æ—Ç–∑—ã–≤–æ–≤;5;;–°–µ—Ä—Ç–∏—Ñ–∏–∫–∞—Ç Stepik;–ù–∞–≥—Ä—É–∑–∫–∞ –≤–æ–∑—Ä–∞—Å—Ç–∞–µ—Ç –ø–æ –º–µ—Ä–µ –ø—Ä–∏–±–ª–∏–∂–µ–Ω–∏—è –∫ –ï–ì–≠.10 —á–∞—Å–æ–≤ –≤ –Ω–µ–¥–µ–ª—é
110;–û–ª–∏–º–ø–∏–∞–¥–Ω–æ–µ –ø—Ä–æ–≥—Ä–∞–º–º–∏—Ä–æ–≤–∞–Ω–∏–µ. –ë–∞–∑–æ–≤—ã–π —É—Ä–æ–≤–µ–Ω—å;74336;–û–ª–µ–≥ –ó—É–±–∫–æ–≤;–ë–µ—Å–ø–ª–∞—Ç–Ω–æ;6 153 —É—á–∞—â–∏—Ö—Å—è;–∏–∑ 14 –æ—Ç–∑—ã–≤–æ–≤;4.8;;;2-4 —á–∞—Å–∞ –≤ –Ω–µ–¥–µ–ª—é
111;–ü–æ–¥–≥–æ—Ç–æ–≤–∫–∞ –∫ –≤—Å—Ç—É–ø–∏—Ç–µ–ª—å–Ω—ã–º –∏—Å–ø—ã—Ç–∞–Ω–∏—è–º –≤ –º–∞–≥–∏—Å—Ç—Ä–∞—Ç—É—Ä—É –ú–≠–û (48906);84672;–ú–ì–ò–ú–û –ú–ò–î –†–æ—Å—Å–∏–∏;5 000 ‚ÇΩ;84 —É—á–∞—â–∏—Ö—Å—è;;;;–°–µ—Ä—Ç–∏—Ñ–∏–∫–∞—Ç Stepik;
112;AutoCAD —Å —Å–∞–º–æ–≥–æ –Ω–∞—á–∞–ª–∞;87662;;450 ‚ÇΩ;228 —É—á–∞—â–∏—Ö—Å—è;–∏–∑ 17 –æ—Ç–∑—ã–≤–æ–≤;4.8;;–°–µ—Ä—Ç–∏—Ñ–∏–∫–∞—Ç Stepik;6 —á–∞—Å–æ–≤
113;–ï–ì–≠ –ò–Ω—Ñ–æ—Ä–º–∞—Ç–∏–∫–∞ 2023. –¢–≤–æ–π —Å–ø—É—Ç–Ω–∏–∫ –ø—Ä–∏ –ø–æ–¥–≥–æ—Ç–æ–≤–∫–µ;100056;–°–≤–µ—Ç–ª–∞–Ω–∞ –ù–µ—á–∞–µ–≤–∞;–ë–µ—Å–ø–ª–∞—Ç–Ω–æ;20 440 —É—á–∞—â–∏—Ö—Å—è;–∏–∑ 60 –æ—Ç–∑—ã–≤–æ–≤;5;–ù–∞—á–∞–ª—å–Ω—ã–π —É—Ä–æ–≤–µ–Ω—å;–°–µ—Ä—Ç–∏—Ñ–∏–∫–∞—Ç Stepik;
114;–†—É—Å—Å–∫–∏–π —è–∑—ã–∫. –ü–æ–¥–≥–æ—Ç–æ–≤–∫–∞ –∫ –ï–ì–≠ 2023;83605;–ï–ª–∏–∑–∞–≤–µ—Ç–∞ –í–∞–ª–∏–µ–≤–∞;3 000 ‚ÇΩ;1 315 —É—á–∞—â–∏—Ö—Å—è;–∏–∑ 8 –æ—Ç–∑—ã–≤–æ–≤;4.5;;–°–µ—Ä—Ç–∏—Ñ–∏–∫–∞—Ç Stepik;
115;–ü–æ–¥–≥–æ—Ç–æ–≤–∫–∞ –∫ —ç–∫–∑–∞–º–µ–Ω—É 9 –∫–ª. –ø–æ –ò–ù–§–û–†–ú–ê–¢–ò–ö–ï 2023 –æ—Ç —ç–∫—Å–ø–µ—Ä—Ç–æ–≤ –û–ì–≠;114899;–ê–ª–µ–∫—Å–µ–π –°–µ—Ä–≥–µ–µ–≤–∏—á –ì—É—Å–µ–≤;1 490 ‚ÇΩ;202 —É—á–∞—â–∏—Ö—Å—è;–∏–∑ 5 –æ—Ç–∑—ã–≤–æ–≤;4.8;–ù–∞—á–∞–ª—å–Ω—ã–π —É—Ä–æ–≤–µ–Ω—å;–°–µ—Ä—Ç–∏—Ñ–∏–∫–∞—Ç Stepik;
